{
"name": "skdslider",
"title": "Jquery full width image slider",
"description": "A jquery light weight full width image slider plugin.",
"keywords": [
"slidshow",
"slider",
"image",
"fadein",
"fadeout"
],
"version": "1.2.0",
"author": {
"name": "Samir Das"
},
"maintainers": [
{
"name": "Samir Das",
"email": "cse.samir@gmail.com",
"url": "http://dandywebsolution.com/skdslider/"
}
],
"licenses": [
{
"type": "MIT",
"url": "https://github.com/samirkumardas/skdslider/blob/master/MIT-LICENSE.txt"
}
],
"bugs": "http://dandywebsolution.com/contact_us.php",
"homepage": "http://dandywebsolution.com/skdslider/",
"docs": "http://dandywebsolution.com/skdslider/",
"download": "http://dandywebsolution.com/skdslider/",
"dependencies": {
"jquery": ">=1.5"
}
}